id,name,model_id:id,group_id:id,perm_read,perm_write,perm_create,perm_unlink
access_mercadopago_config_user,Mercado Pago Config - User,model_mercadopago_config,base.group_user,1,0,0,0
access_mercadopago_config_admin,Mercado Pago Config - Admin,model_mercadopago_config,base.group_system,1,1,1,1
access_mercadopago_payment_user,Mercado Pago Payment - User,model_mercadopago_payment,base.group_user,1,1,1,0
access_mercadopago_payment_admin,Mercado Pago Payment - Admin,model_mercadopago_payment,base.group_system,1,1,1,1
access_mercadopago_payment_transaction_user,Mercado Pago Transaction - User,model_mercadopago_payment_transaction,base.group_user,1,0,0,0
access_mercadopago_payment_transaction_admin,Mercado Pago Transaction - Admin,model_mercadopago_payment_transaction,base.group_system,1,1,1,1
access_mercadopago_payment_public,Mercado Pago Payment - Public,model_mercadopago_payment,base.group_public,1,0,0,0
